"Id","SalePrice"
"1461","1,692,770,524,984"
"1462","187,758,393,988,768"
"1463","183,583,683,569,555"
"1464","17,931,747,751,083"
"1465","150,730,079,976,501"
"1466","177,150,989,247,307"
"1467","172,070,659,229,164"
"1468","175,110,956,519,547"
"1469","162,011,698,831,665"
"1470","160,726,247,831,419"
"1471","157,933,279,456,005"
"1472","145,291,245,020,389"
"1473","159,672,017,631,819"
"1474","164,167,518,301,885"
"1475","150,891,638,244,053"
"1476","17,946,096,518,734"
"1477","18,503,462,891,405"
"1478","182,352,192,644,656"
"1479","183,053,458,213,802"
"1480","187,823,339,254,278"
"1481","186,544,114,327,568"
"1482","15,823,077,520,516"
"1483","190,552,829,321,091"
"1484","14,718,367,487,199"
"1485","185,855,300,905,493"
"1486","174,350,470,676,986"
"1487","201,740,620,690,863"
"1488","162,986,378,895,754"
"1489","162,330,199,085,679"
"1490","165,845,938,616,539"
"1491","180,929,622,876,974"
"1492","163,481,501,519,718"
"1493","187,798,076,714,233"
"1494","198,822,198,942,566"
"1495","194,868,409,899,858"
"1496","152,605,298,564,403"
"1497","147,797,702,836,811"
"1498","15,052,196,899,297"
"1499","146,991,630,153,739"
"1500","150,306,307,814,534"
"1501","151,164,372,534,604"
"1502","151,133,706,960,953"
"1503","156,214,042,540,726"
"1504","171,992,760,735,142"
"1505","173,214,912,549,738"
"1506","192,429,187,345,783"
"1507","19,087,869,508,543"
"1508","194,542,544,135,519"
"1509","191,849,439,072,822"
"1510","176,363,773,907,793"
"1511","176,954,185,412,429"
"1512","176,521,216,975,696"
"1513","179,436,704,810,176"
"1514","220,079,756,777,048"
"1515","175,502,918,109,444"
"1516","188,321,073,833,569"
"1517","163,276,324,450,004"
"1518","185,911,366,293,097"
"1519","171,392,830,997,252"
"1520","174,418,207,020,775"
"1521","179,682,709,603,774"
"1522","179,423,751,581,665"
"1523","171,756,918,091,777"
"1524","166,849,638,174,419"
"1525","181,122,168,676,666"
"1526","170,934,462,746,566"
"1527","159,738,292,580,329"
"1528","174,445,759,557,658"
"1529","174,706,363,659,627"
"1530","164,507,672,539,365"
"1531","163,602,512,172,832"
"1532","154,126,270,249,525"
"1533","171,104,853,481,351"
"1534","16,773,539,270,528"
"1535","183,003,613,338,104"
"1536","172,580,381,161,499"
"1537","165,407,889,104,689"
"1538","176,363,773,907,793"
"1539","175,182,950,898,522"
"1540","190,757,177,789,246"
"1541","167,186,995,771,991"
"1542","167,839,376,779,276"
"1543","173,912,421,165,137"
"1544","154,034,917,445,551"
"1545","156,002,955,794,336"
"1546","16,817,394,329,857"
"1547","168,882,437,104,132"
"1548","16,817,394,329,857"
"1549","157,580,177,551,642"
"1550","18,192,215,256,011"
"1551","155,134,227,842,592"
"1552","188,885,573,319,552"
"1553","183,963,193,012,381"
"1554","161,298,762,306,335"
"1555","18,861,366,763,056"
"1556","175,080,111,822,945"
"1557","174,744,400,305,232"
"1558","168,175,911,336,919"
"1559","182,333,472,575,006"
"1560","158,307,206,742,274"
"1561","193,053,055,502,348"
"1562","175,031,089,987,177"
"1563","160,713,294,602,908"
"1564","173,186,215,014,436"
"1565","1,917,367,598,055"
"1566","170,401,630,997,116"
"1567","164,626,577,880,222"
"1568","205,469,409,444,832"
"1569","209,561,784,211,885"
"1570","182,271,503,072,356"
"1571","178,081,549,427,793"
"1572","178,425,956,138,831"
"1573","162,015,318,511,503"
"1574","181,722,420,373,045"
"1575","156,705,730,169,433"
"1576","182,902,420,342,386"
"1577","157,574,595,395,085"
"1578","184,380,739,100,813"
"1579","169,364,469,225,677"
"1580","175,846,179,822,063"
"1581","189,673,295,302,136"
"1582","174,401,317,715,566"
"1583","179,021,448,718,583"
"1584","189,196,845,337,149"
"1585","139,647,095,720,655"
"1586","161,468,198,288,911"
"1587","17,155,732,317,862"
"1588","17,944,736,804,185"
"1589","169,611,619,017,694"
"1590","172,088,872,655,744"
"1591","171,190,624,128,768"
"1592","154,850,508,361,878"
"1593","158,617,655,719,941"
"1594","20,925,833,693,701"
"1595","177,939,027,626,751"
"1596","194,631,100,299,584"
"1597","213,618,871,562,568"
"1598","198,342,504,228,533"
"1599","138,607,971,472,497"
"1600","150,778,958,976,731"
"1601","146,966,230,339,786"
"1602","16,218,259,620,952"
"1603","176,825,940,961,269"
"1604","152,799,812,402,444"
"1605","180,322,322,067,129"
"1606","177,508,027,228,367"
"1607","208,029,642,652,019"
"1608","181,987,282,510,201"
"1609","16,017,272,797,397"
"1610","176,761,317,654,248"
"1611","176,515,497,545,231"
"1612","176,270,453,065,471"
"1613","183,050,846,258,475"
"1614","150,011,102,062,216"
"1615","159,270,537,808,667"
"1616","163,419,663,729,346"
"1617","163,399,983,345,859"
"1618","173,364,161,505,756"
"1619","169,556,835,902,417"
"1620","183,690,595,995,738"
"1621","176,980,914,909,382"
"1622","20,477,336,222,471"
"1623","174,728,655,998,442"
"1624","181,873,458,244,461"
"1625","177,322,000,823,979"
"1626","193,927,939,041,863"
"1627","181,715,622,732,304"
"1628","199,270,841,200,324"
"1629","177,109,589,956,218"
"1630","153,909,578,271,486"
"1631","162,931,203,336,223"
"1632","1,663,867,567,182"
"1633","17,371,930,379,824"
"1634","179,757,925,656,704"
"1635","179,007,601,964,376"
"1636","180,370,808,623,106"
"1637","185,102,616,730,563"
"1638","198,825,563,452,058"
"1639","184,294,576,009,142"
"1640","2,004,437,920,562"
"1641","181,294,784,484,153"
"1642","174,354,336,267,919"
"1643","172,023,677,781,517"
"1644","181,666,922,855,025"
"1645","179,024,491,269,586"
"1646","178,324,191,575,907"
"1647","184,534,676,687,694"
"1648","159,397,250,378,784"
"1649","178,430,966,728,182"
"1650","177,743,799,385,967"
"1651","179,395,305,519,087"
"1652","15,171,338,474,815"
"1653","15,171,338,474,815"
"1654","168,434,977,996,215"
"1655","153,999,100,311,019"
"1656","164,096,097,354,123"
"1657","166,335,403,036,551"
"1658","163,020,725,375,757"
"1659","155,862,510,668,829"
"1660","182,760,651,095,509"
"1661","201,912,270,622,883"
"1662","185,988,233,987,516"
"1663","18,377,844,888,032"
"1664","17,093,585,921,771"
"1665","184,468,908,382,254"
"1666","191,569,089,663,229"
"1667","232,991,025,583,822"
"1668","180,980,721,388,278"
"1669","16,427,913,048,219"
"1670","183,859,460,411,109"
"1671","185,922,465,682,076"
"1672","191,742,778,119,363"
"1673","199,954,072,465,842"
"1674","180,690,274,752,587"
"1675","1,630,993,096,358"
"1676","140,791,922,472,443"
"1677","16,648,186,647,592"
"1678","172,080,434,496,773"
"1679","191,719,161,659,178"
"1680","160,741,098,612,515"
"1681","157,829,546,854,733"
"1682","196,896,748,596,341"
"1683","159,675,423,990,355"
"1684","182,084,790,901,946"
"1685","179,233,926,374,487"
"1686","155,774,270,901,623"
"1687","181,354,326,716,058"
"1688","179,605,563,663,918"
"1689","18,160,934,866,147"
"1690","178,221,531,623,281"
"1691","175,559,920,735,795"
"1692","200,328,822,792,041"
"1693","178,630,060,559,899"
"1694","177,174,535,221,728"
"1695","172,515,687,368,714"
"1696","204,032,992,922,943"
"1697","176,023,232,787,689"
"1698","202,202,073,341,595"
"1699","181,734,480,075,862"
"1700","183,982,158,993,126"
"1701","18,800,794,241,481"
"1702","185,922,966,763,517"
"1703","183,978,544,874,918"
"1704","177,199,618,638,821"
"1705","181,878,647,956,764"
"1706","173,622,088,728,263"
"1707","180,728,168,562,655"
"1708","176,477,026,606,328"
"1709","184,282,266,697,609"
"1710","16,206,247,538,448"
"1711","182,550,070,992,189"
"1712","180,987,949,624,695"
"1713","17,817,379,762,147"
"1714","179,980,635,948,606"
"1715","173,257,637,826,205"
"1716","177,271,291,059,307"
"1717","175,338,355,442,312"
"1718","177,548,140,549,508"
"1719","17,596,991,662,932"
"1720","175,011,481,953,462"
"1721","185,199,372,568,143"
"1722","188,514,050,228,937"
"1723","185,080,145,268,797"
"1724","157,304,402,574,096"
"1725","194,260,859,481,297"
"1726","181,262,329,995,106"
"1727","157,003,292,706,732"
"1728","182,924,499,359,899"
"1729","181,902,586,375,439"
"1730","188,985,371,708,134"
"1731","185,290,904,495,068"
"1732","177,304,425,752,748"
"1733","166,274,900,490,809"
"1734","177,807,420,530,107"
"1735","180,330,624,816,201"
"1736","179,069,112,234,629"
"1737","175,943,371,816,948"
"1738","185,199,050,609,653"
"1739","167,350,910,824,524"
"1740","149,315,311,876,449"
"1741","139,010,847,766,793"
"1742","155,412,151,845,447"
"1743","171,308,313,985,441"
"1744","176,220,543,265,638"
"1745","177,643,434,991,809"
"1746","187,222,653,264,601"
"1747","185,635,132,083,154"
"1748","206,492,534,215,854"
"1749","181,681,021,081,956"
"1750","180,500,198,072,685"
"1751","20,648,617,086,841"
"1752","161,334,301,195,429"
"1753","176,156,558,313,965"
"1754","191,642,223,478,994"
"1755","191,945,808,027,777"
"1756","164,146,306,037,354"
"1757","179,883,057,071,096"
"1758","178,071,137,668,844"
"1759","188,241,637,896,875"
"1760","174,559,656,173,171"
"1761","182,347,363,042,264"
"1762","191,507,251,872,857"
"1763","199,751,865,597,358"
"1764","162,106,416,145,131"
"1765","164,575,982,314,367"
"1766","179,176,352,180,931"
"1767","177,327,403,857,584"
"1768","177,818,083,761,781"
"1769","186,965,204,048,443"
"1770","178,762,742,169,197"
"1771","183,322,866,146,283"
"1772","178,903,295,931,891"
"1773","186,570,129,421,778"
"1774","199,144,242,829,024"
"1775","172,154,713,310,956"
"1776","177,444,019,201,603"
"1777","166,200,938,073,485"
"1778","158,995,770,555,632"
"1779","168,273,282,454,755"
"1780","189,680,453,052,788"
"1781","181,681,021,081,956"
"1782","160,277,142,643,643"
"1783","19,731,854,715,833"
"1784","162,228,935,604,196"
"1785","187,340,455,456,083"
"1786","181,065,347,037,275"
"1787","190,233,609,102,705"
"1788","157,929,594,852,031"
"1789","168,557,001,935,469"
"1790","160,805,584,645,628"
"1791","221,648,391,978,216"
"1792","18,053,988,079,815"
"1793","182,105,616,283,853"
"1794","166,380,852,603,154"
"1795","178,942,155,617,426"
"1796","162,804,747,800,461"
"1797","183,077,684,392,615"
"1798","1,717,284,720,292"
"1799","164,786,741,540,638"
"1800","177,427,267,170,302"
"1801","19,731,854,715,833"
"1802","178,658,114,178,223"
"1803","185,437,320,523,764"
"1804","169,759,652,489,529"
"1805","173,986,635,055,186"
"1806","168,607,664,289,468"
"1807","194,138,519,145,183"
"1808","192,502,440,921,994"
"1809","176,746,969,818,601"
"1810","177,604,891,703,134"
"1811","193,283,746,584,832"
"1812","181,627,061,006,609"
"1813","16,907,162,025,834"
"1814","167,398,006,470,987"
"1815","150,106,505,141,704"
"1816","159,650,304,285,848"
"1817","17,947,123,597,476"
"1818","177,109,589,956,218"
"1819","166,558,113,328,453"
"1820","153,796,714,319,583"
"1821","174,520,152,570,658"
"1822","19,629,795,829,524"
"1823","169,100,681,601,175"
"1824","176,911,319,164,431"
"1825","1,692,346,454,828"
"1826","172,386,297,919,134"
"1827","156,031,904,802,362"
"1828","168,202,892,306,596"
"1829","166,505,984,017,547"
"1830","17,650,737,022,149"
"1831","180,116,752,553,161"
"1832","183,072,740,591,406"
"1833","189,595,964,677,698"
"1834","167,523,919,076,265"
"1835","210,817,775,863,413"
"1836","172,942,930,813,351"
"1837","145,286,278,144,089"
"1838","176,468,653,371,492"
"1839","159,040,069,562,187"
"1840","178,518,204,332,507"
"1841","169,163,980,786,825"
"1842","189,786,685,274,579"
"1843","181,246,728,523,853"
"1844","176,349,927,153,587"
"1845","205,266,631,009,142"
"1846","187,397,993,362,224"
"1847","208,943,427,726,113"
"1848","165,014,532,907,657"
"1849","182,492,037,566,236"
"1850","16,171,871,259,042"
"1851","180,084,118,941,162"
"1852","178,534,950,802,179"
"1853","151,217,259,961,305"
"1854","156,342,717,587,562"
"1855","188,511,443,835,239"
"1856","183,570,337,896,789"
"1857","225,810,160,292,177"
"1858","214,217,401,131,694"
"1859","18,766,564,101,603"
"1860","161,157,177,744,039"
"1861","187,643,992,594,193"
"1862","228,156,372,839,158"
"1863","220,449,534,665,317"
"1864","220,522,352,084,222"
"1865","156,647,763,531,624"
"1866","187,388,833,374,873"
"1867","178,640,723,791,573"
"1868","180,847,216,739,049"
"1869","159,505,170,529,478"
"1870","164,305,538,020,654"
"1871","18,018,119,673,723"
"1872","184,602,734,989,972"
"1873","193,440,372,174,434"
"1874","184,199,788,209,911"
"1875","196,241,892,907,637"
"1876","175,588,618,271,096"
"1877","179,503,046,546,829"
"1878","183,658,076,582,555"
"1879","193,700,976,276,404"
"1880","16,539,962,450,704"
"1881","186,847,944,787,446"
"1882","19,812,773,287,817"
"1883","183,320,898,107,934"
"1884","181,613,606,696,657"
"1885","178,298,791,761,954"
"1886","185,733,534,000,593"
"1887","180,008,188,485,489"
"1888","17,512,759,621,604"
"1889","183,467,176,862,723"
"1890","182,705,546,021,743"
"1891","152,324,943,593,181"
"1892","169,878,515,981,342"
"1893","183,735,975,076,576"
"1894","224,118,280,105,941"
"1895","169,355,202,465,146"
"1896","180,054,276,407,441"
"1897","174,081,601,977,368"
"1898","168,494,985,022,146"
"1899","181,871,598,843,299"
"1900","173,554,489,658,383"
"1901","169,805,382,165,577"
"1902","176,192,990,728,755"
"1903","20,426,439,284,654"
"1904","169,630,906,956,928"
"1905","185,724,838,807,268"
"1906","195,699,036,281,861"
"1907","189,494,276,162,169"
"1908","149,607,905,673,439"
"1909","154,650,199,045,978"
"1910","151,579,558,140,433"
"1911","185,147,380,531,144"
"1912","19,631,453,120,359"
"1913","210,802,395,364,155"
"1914","1,662,712,863,726"
"1915","154,865,359,142,973"
"1916","1,735,755,052,865"
"1917","179,399,563,554,274"
"1918","164,280,776,562,049"
"1919","17,124,748,948,121"
"1920","166,878,587,182,445"
"1921","188,129,459,710,994"
"1922","18,351,734,369,691"
"1923","175,522,026,925,727"
"1924","190,060,105,331,152"
"1925","174,179,824,771,856"
"1926","171,059,523,675,194"
"1927","183,004,186,769,318"
"1928","183,601,647,387,418"
"1929","163,539,327,185,998"
"1930","164,677,676,391,525"
"1931","162,395,073,865,424"
"1932","1,822,076,323,195"
"1933","192,223,939,790,304"
"1934","176,391,829,390,125"
"1935","181,913,179,121,348"
"1936","179,136,097,888,261"
"1937","196,595,568,243,212"
"1938","194,822,365,690,957"
"1939","148,356,669,440,918"
"1940","160,387,604,263,899"
"1941","181,276,500,571,809"
"1942","192,474,817,899,346"
"1943","157,699,907,796,437"
"1944","215,785,540,813,051"
"1945","181,824,300,998,793"
"1946","22,181,300,948,166"
"1947","165,281,292,597,397"
"1948","25,562,949,047,034"
"1949","173,154,590,990,955"
"1950","18,388,465,246,539"
"1951","200,210,353,608,489"
"1952","186,599,221,265,342"
"1953","192,718,532,696,106"
"1954","178,628,665,952,764"
"1955","180,650,342,418,406"
"1956","206,003,107,947,263"
"1957","16,645,767,844,853"
"1958","202,916,221,653,487"
"1959","192,463,969,983,091"
"1960","171,775,497,189,898"
"1961","175,249,222,149,411"
"1962","14,708,659,893,993"
"1963","149,709,672,100,371"
"1964","171,411,404,533,743"
"1965","178,188,964,799,425"
"1966","156,491,711,373,235"
"1967","180,953,241,201,168"
"1968","203,909,759,061,135"
"1969","175,470,149,087,545"
"1970","205,578,333,622,415"
"1971","199,428,857,699,441"
"1972","187,599,163,869,476"
"1973","192,265,198,109,864"
"1974","196,666,554,897,677"
"1975","155,537,862,252,682"
"1976","169,543,240,620,935"
"1977","202,487,010,170,501"
"1978","208,232,716,273,485"
"1979","173,621,195,202,569"
"1980","172,414,608,571,812"
"1981","16,440,075,641,556"
"1982","160,480,424,024,781"
"1983","156,060,853,810,389"
"1984","157,437,192,820,581"
"1985","158,163,720,929,772"
"1986","154,849,043,268,978"
"1987","152,186,609,341,561"
"1988","180,340,215,399,228"
"1989","17,834,462,451,356"
"1990","190,170,382,266,827"
"1991","168,092,975,480,832"
"1992","178,757,912,566,805"
"1993","174,518,256,882,082"
"1994","198,168,490,116,289"
"1995","176,882,693,978,902"
"1996","183,801,672,896,251"
"1997","196,400,046,680,661"
"1998","172,281,605,004,025"
"1999","196,380,366,297,173"
"2000","198,228,354,306,682"
"2001","195,556,581,268,962"
"2002","186,453,264,469,043"
"2003","181,869,381,196,234"
"2004","175,610,840,124,147"
"2005","183,438,730,800,145"
"2006","179,584,488,673,295"
"2007","182,386,152,242,034"
"2008","160,750,367,237,054"
"2009","182,477,505,046,008"
"2010","187,720,359,207,171"
"2011","187,201,942,081,511"
"2012","176,385,102,235,149"
"2013","175,901,787,841,278"
"2014","182,584,280,198,283"
"2015","195,664,686,104,237"
"2016","181,420,346,494,222"
"2017","17,667,604,995,228"
"2018","181,594,678,867,334"
"2019","178,521,747,964,951"
"2020","175,895,883,726,231"
"2021","168,468,005,916,477"
"2022","200,973,129,447,888"
"2023","197,030,641,992,202"
"2024","192,867,417,844,592"
"2025","196,449,247,639,381"
"2026","141,684,196,398,607"
"2027","153,353,334,123,901"
"2028","151,143,549,016,705"
"2029","163,753,087,114,229"
"2030","158,682,460,013,921"
"2031","144,959,835,250,915"
"2032","160,144,390,548,579"
"2033","156,286,534,303,521"
"2034","165,726,707,619,571"
"2035","182,427,481,047,359"
"2036","17,331,056,154,032"
"2037","17,331,056,154,032"
"2038","15,155,601,403,002"
"2039","158,908,146,068,683"
"2040","209,834,383,092,536"
"2041","192,410,516,550,815"
"2042","174,026,247,294,886"
"2043","195,499,830,115,336"
"2044","200,918,018,812,493"
"2045","207,243,616,023,976"
"2046","196,149,783,851,876"
"2047","192,097,914,850,217"
"2048","178,570,948,923,671"
"2049","228,617,968,325,428"
"2050","199,929,884,438,451"
"2051","160,206,365,612,859"
"2052","179,854,431,885,567"
"2053","185,987,340,461,822"
"2054","161,122,505,607,926"
"2055","175,949,342,720,138"
"2056","183,683,590,595,324"
"2057","17,640,134,762,338"
"2058","205,832,532,527,897"
"2059","177,799,799,849,436"
"2060","167,565,362,080,406"
"2061","186,348,958,436,557"
"2062","179,782,759,465,081"
"2063","169,837,623,333,323"
"2064","178,817,275,675,758"
"2065","174,444,479,149,339"
"2066","192,834,968,917,174"
"2067","196,564,717,984,981"
"2068","206,977,567,039,357"
"2069","157,054,253,944,128"
"2070","175,142,948,078,577"
"2071","1,599,321,643,654"
"2072","182,801,408,333,628"
"2073","181,510,375,176,825"
"2074","181,613,035,129,451"
"2075","186,920,512,597,635"
"2076","157,950,170,625,222"
"2077","176,115,159,022,876"
"2078","182,744,514,344,465"
"2079","180,660,683,691,591"
"2080","160,775,629,777,099"
"2081","186,711,715,848,082"
"2082","223,581,758,190,888"
"2083","172,330,943,236,652"
"2084","163,474,633,393,212"
"2085","175,308,263,299,874"
"2086","187,462,725,306,432"
"2087","180,655,101,535,034"
"2088","15,212,198,603,454"
"2089","159,856,233,909,727"
"2090","186,559,854,936,737"
"2091","183,962,550,959,411"
"2092","162,107,168,699,296"
"2093","162,582,288,981,283"
"2094","154,407,701,597,409"
"2095","181,625,666,399,474"
"2096","164,810,609,473,548"
"2097","176,429,401,241,704"
"2098","179,188,089,925,259"
"2099","145,997,635,377,703"
"2100","218,676,768,270,367"
"2101","188,323,861,214,226"
"2102","1,686,900,722,914"
"2103","165,088,746,797,705"
"2104","191,435,007,885,166"
"2105","168,864,404,664,512"
"2106","176,041,882,371,574"
"2107","215,911,674,390,325"
"2108","167,388,238,629,016"
"2109","163,854,786,753,017"
"2110","163,299,477,980,171"
"2111","178,298,214,633,119"
"2112","176,376,586,164,775"
"2113","170,211,043,976,522"
"2114","170,818,344,786,366"
"2115","174,388,867,432,503"
"2116","161,112,987,374,671"
"2117","172,179,082,325,307"
"2118","157,798,309,713,876"
"2119","169,106,151,422,924"
"2120","170,129,531,364,292"
"2121","157,680,227,412,949"
"2122","162,690,209,131,977"
"2123","146,968,379,365,095"
"2124","181,507,721,372,455"
"2125","191,215,589,752,983"
"2126","189,432,689,844,522"
"2127","207,271,484,957,719"
"2128","170,030,807,488,363"
"2129","148,409,806,476,335"
"2130","193,850,613,979,055"
"2131","193,808,319,298,263"
"2132","166,300,235,380,627"
"2133","163,474,633,393,212"
"2134","177,473,606,564,978"
"2135","157,443,925,537,187"
"2136","180,681,007,992,057"
"2137","18,346,317,030,026"
"2138","182,481,763,081,195"
"2139","19,371,715,117,887"
"2140","18,278,255,099,007"
"2141","175,530,651,633,287"
"2142","177,804,057,884,623"
"2143","159,448,670,848,577"
"2144","181,338,976,717,529"
"2145","178,553,558,537,021"
"2146","162,820,928,264,556"
"2147","188,832,479,997,186"
"2148","164,682,185,899,437"
"2149","181,549,735,943,801"
"2150","199,158,097,008,868"
"2151","152,889,520,990,566"
"2152","181,150,551,679,116"
"2153","181,416,732,376,013"
"2154","164,391,238,182,305"
"2155","185,421,046,498,812"
"2156","193,981,327,550,004"
"2157","178,824,324,789,223"
"2158","209,270,051,606,246"
"2159","177,801,266,806,344"
"2160","179,053,762,236,101"
"2161","178,762,170,601,992"
"2162","184,655,300,458,183"
"2163","191,284,655,779,772"
"2164","179,598,085,818,785"
"2165","167,517,628,078,595"
"2166","182,873,903,794,044"
"2167","17,748,491,371,363"
"2168","188,444,597,319,524"
"2169","179,184,153,848,562"
"2170","184,365,175,780,982"
"2171","184,479,322,005,212"
"2172","182,927,863,869,391"
"2173","178,611,639,373,646"
"2174","181,943,343,613,558"
"2175","175,080,614,768,394"
"2176","190,720,794,649,138"
"2177","198,422,868,144,723"
"2178","18,448,211,308,349"
"2179","139,214,952,187,861"
"2180","169,233,113,601,757"
"2181","180,664,118,686,848"
"2182","178,818,742,632,666"
"2183","180,422,049,969,947"
"2184","17,860,193,645,581"
"2185","183,083,159,775,993"
"2186","173,163,101,499,699"
"2187","185,968,161,159,774"
"2188","171,226,050,683,054"
"2189","281,643,976,116,786"
"2190","160,031,711,281,258"
"2191","162,775,979,779,394"
"2192","160,735,445,970,193"
"2193","166,646,109,048,572"
"2194","188,384,548,444,549"
"2195","165,830,697,255,197"
"2196","182,138,358,533,039"
"2197","171,595,397,975,647"
"2198","160,337,079,183,809"
"2199","191,215,088,671,543"
"2200","166,956,093,232,213"
"2201","186,581,830,878,692"
"2202","176,450,548,582,099"
"2203","193,743,194,909,801"
"2204","198,882,566,078,408"
"2205","176,385,102,235,149"
"2206","162,447,639,333,636"
"2207","193,782,555,676,777"
"2208","183,653,890,897,141"
"2209","210,578,623,546,866"
"2210","158,527,164,107,319"
"2211","163,081,025,723,456"
"2212","174,388,867,432,503"
"2213","191,905,870,131,966"
"2214","174,388,867,432,503"
"2215","161,642,711,648,983"
"2216","186,939,507,215,101"
"2217","172,482,165,792,649"
"2218","159,695,999,763,546"
"2219","157,230,369,671,007"
"2220","179,188,089,925,259"
"2221","15,797,282,120,994"
"2222","156,804,951,429,181"
"2223","211,491,972,463,654"
"2224","186,537,246,201,062"
"2225","200,468,161,070,551"
"2226","182,241,340,444,154"
"2227","157,342,225,898,399"
"2228","182,022,387,105,998"
"2229","181,244,510,876,788"
"2230","178,556,671,573,788"
"2231","189,547,199,876,284"
"2232","18,794,865,165,563"
"2233","194,107,287,565,956"
"2234","183,521,710,369,283"
"2235","183,682,123,638,416"
"2236","178,483,353,073,443"
"2237","184,003,879,764,736"
"2238","17,131,859,033,449"
"2239","162,039,754,313,997"
"2240","154,846,252,190,699"
"2241","194,822,365,690,957"
"2242","169,788,738,771,463"
"2243","178,891,554,489,941"
"2244","152,084,772,428,865"
"2245","13,916,986,642,879"
"2246","192,439,536,044,606"
"2247","161,067,859,766,557"
"2248","158,762,648,504,781"
"2249","175,569,690,441,774"
"2250","183,659,795,012,187"
"2251","280,618,132,617,258"
"2252","180,051,809,151,659"
"2253","17,651,918,031,559"
"2254","179,028,429,210,291"
"2255","177,161,583,857,224"
"2256","180,081,508,849,842"
"2257","205,895,254,584,712"
"2258","18,338,978,131,415"
"2259","178,543,647,859,512"
"2260","194,798,320,499,104"
"2261","162,845,613,675,766"
"2262","148,103,867,006,579"
"2263","201,016,171,121,215"
"2264","27,793,612,694,354"
"2265","249,768,279,823,405"
"2266","161,596,052,159,825"
"2267","158,011,114,889,899"
"2268","194,089,683,858,004"
"2269","181,733,336,941,451"
"2270","18,285,232,772,198"
"2271","189,893,003,058,465"
"2272","194,650,210,979,875"
"2273","187,904,461,286,262"
"2274","171,774,925,622,692"
"2275","177,998,685,921,479"
"2276","175,648,484,325,498"
"2277","196,918,071,362,067"
"2278","184,299,838,071,218"
"2279","182,379,855,682,734"
"2280","184,050,725,802,482"
"2281","158,296,975,970,284"
"2282","175,053,355,553,278"
"2283","162,293,376,090,644"
"2284","186,328,880,047,186"
"2285","151,422,116,936,538"
"2286","181,969,358,707,768"
"2287","18,912,267,702,416"
"2288","185,645,475,220,346"
"2289","182,829,898,109,257"
"2290","195,848,788,183,328"
"2291","198,785,059,550,672"
"2292","181,676,126,555,428"
"2293","194,131,012,663,328"
"2294","201,416,004,864,508"
"2295","185,096,577,205,616"
"2296","195,158,972,598,372"
"2297","184,795,783,735,112"
"2298","189,168,263,864,671"
"2299","216,855,260,149,095"
"2300","184,946,642,483,576"
"2301","18,931,751,282,069"
"2302","180,803,277,842,406"
"2303","17,506,118,585,763"
"2304","179,074,839,090,732"
"2305","145,708,764,336,107"
"2306","142,398,022,752,011"
"2307","161,474,534,863,641"
"2308","157,025,945,155,458"
"2309","163,424,037,827,357"
"2310","164,692,778,645,345"
"2311","1,521,632,443,541"
"2312","192,383,215,486,656"
"2313","182,520,230,322,476"
"2314","187,254,507,549,722"
"2315","176,489,659,740,359"
"2316","181,520,466,841,293"
"2317","186,414,978,214,721"
"2318","185,197,764,639,705"
"2319","178,657,794,083,741"
"2320","179,731,198,023,759"
"2321","161,748,271,317,074"
"2322","158,608,749,069,322"
"2323","178,807,370,559,878"
"2324","184,187,158,803,897"
"2325","18,168,610,402,108"
"2326","190,311,050,228,337"
"2327","192,252,496,354,076"
"2328","193,954,849,525,775"
"2329","181,044,201,560,887"
"2330","180,258,131,219,792"
"2331","199,641,657,313,834"
"2332","197,530,775,205,517"
"2333","191,777,196,949,138"
"2334","195,779,543,033,588"
"2335","202,112,046,522,999"
"2336","19,234,334,807,661"
"2337","185,191,359,443,218"
"2338","186,760,207,965,688"
"2339","17,773,378,193,528"
"2340","164,430,391,189,608"
"2341","185,299,601,552,401"
"2342","186,414,012,339,254"
"2343","176,401,921,054,593"
"2344","182,381,322,639,642"
"2345","176,334,184,710,805"
"2346","184,901,735,847,457"
"2347","180,085,766,885,029"
"2348","184,901,735,847,457"
"2349","183,967,561,548,763"
"2350","193,046,301,574,659"
"2351","168,538,969,495,849"
"2352","170,157,842,016,969"
"2353","196,559,709,259,637"
"2354","177,133,709,361,852"
"2355","181,553,279,576,244"
"2356","185,770,606,634,739"
"2357","177,017,595,099,274"
"2358","184,123,358,536,806"
"2359","165,970,357,492,196"
"2360","158,151,985,049,452"
"2361","177,086,476,441,481"
"2362","196,373,896,176,551"
"2363","172,465,707,083,115"
"2364","168,590,782,409,896"
"2365","158,820,474,171,061"
"2366","15,161,137,057,651"
"2367","152,125,028,585,543"
"2368","158,404,073,081,048"
"2369","160,692,078,640,755"
"2370","17,017,522,684,199"
"2371","169,854,436,591,138"
"2372","183,410,785,819,008"
"2373","180,347,194,026,928"
"2374","178,930,528,374,292"
"2375","153,346,220,086,301"
"2376","182,675,204,270,589"
"2377","180,770,649,792,036"
"2378","188,714,148,087,543"
"2379","191,393,608,594,076"
"2380","174,016,157,494,425"
"2381","183,189,685,319,552"
"2382","183,621,508,757,866"
"2383","16,899,129,635,758"
"2384","185,306,650,665,866"
"2385","189,030,680,303,208"
"2386","179,208,665,698,449"
"2387","174,901,452,792,889"
"2388","168,337,406,544,343"
"2389","15,823,496,461,859"
"2390","179,562,453,368,834"
"2391","174,176,391,640,607"
"2392","173,931,531,845,427"
"2393","184,111,729,429,665"
"2394","179,374,482,001,188"
"2395","207,348,811,884,535"
"2396","186,983,419,339,031"
"2397","206,779,094,049,527"
"2398","177,472,074,683,935"
"2399","156,727,948,324,862"
"2400","157,090,568,462,479"
"2401","160,387,032,696,693"
"2402","17,241,028,005,086"
"2403","191,603,365,657,467"
"2404","182,152,207,151,253"
"2405","180,161,697,340,702"
"2406","169,652,235,284,283"
"2407","182,503,520,140,218"
"2408","179,714,630,677,039"
"2409","180,282,570,719,908"
"2410","192,600,338,060,371"
"2411","166,115,491,248,565"
"2412","186,379,553,524,443"
"2413","184,361,992,258,449"
"2414","186,220,965,458,121"
"2415","19,817,647,090,687"
"2416","168,437,776,500,131"
"2417","178,003,582,312,015"
"2418","179,180,469,244,588"
"2419","191,930,561,104,806"
"2420","175,590,266,214,964"
"2421","17,671,319,307,219"
"2422","180,159,090,947,005"
"2423","188,090,100,808,026"
"2424","186,184,717,727,913"
"2425","223,055,588,672,278"
"2426","158,270,753,116,401"
"2427","18,473,312,846,644"
"2428","199,926,378,957,429"
"2429","175,075,785,166,001"
"2430","180,917,925,148,076"
"2431","182,067,760,625,207"
"2432","17,823,860,191,545"
"2433","173,454,944,606,532"
"2434","176,821,936,262,814"
"2435","183,642,191,304,235"
"2436","177,254,582,741,058"
"2437","168,715,950,111,702"
"2438","180,096,931,198,144"
"2439","160,620,728,178,758"
"2440","175,286,544,392,273"
"2441","153,494,783,276,297"
"2442","15,640,765,915,545"
"2443","162,162,525,245,786"
"2444","166,809,886,827,197"
"2445","172,929,156,408,918"
"2446","193,514,330,894,137"
"2447","181,612,141,603,756"
"2448","191,745,386,377,068"
"2449","171,369,325,038,261"
"2450","184,425,470,567,051"
"2451","170,563,252,355,189"
"2452","184,522,369,240,168"
"2453","164,968,947,931,153"
"2454","157,939,621,592,364"
"2455","151,520,381,580,069"
"2456","176,129,508,722,531"
"2457","171,112,978,971,478"
"2458","169,762,081,624,282"
"2459","162,246,828,936,295"
"2460","171,339,303,381,589"
"2461","189,034,753,653,813"
"2462","175,758,873,595,981"
"2463","163,351,721,489,893"
"2464","189,806,546,645,026"
"2465","175,370,990,918,319"
"2466","196,895,599,900,301"
"2467","176,905,917,994,834"
"2468","176,866,557,227,858"
"2469","163,590,677,170,026"
"2470","212,693,502,958,393"
"2471","192,686,931,747,717"
"2472","181,578,684,951,827"
"2473","166,475,457,581,812"
"2474","185,998,255,166,219"
"2475","185,527,714,877,908"
"2476","159,027,118,197,683"
"2477","181,169,654,933,769"
"2478","176,732,915,304,722"
"2479","191,619,294,648,838"
"2480","189,114,303,789,324"
"2481","180,934,635,330,334"
"2482","164,573,372,223,048"
"2483","173,902,011,270,196"
"2484","165,625,127,741,229"
"2485","179,555,219,570,787"
"2486","196,899,720,661,579"
"2487","20,756,612,470,446"
"2488","163,899,981,149,274"
"2489","189,179,428,177,786"
"2490","193,892,880,023,125"
"2491","178,980,874,331,431"
"2492","179,749,876,244,365"
"2493","197,999,674,975,598"
"2494","203,717,470,295,797"
"2495","185,249,261,156,892"
"2496","201,691,208,274,848"
"2497","181,956,548,314,794"
"2498","171,895,936,275,806"
"2499","187,245,168,439,419"
"2500","15,781,677,461,318"
"2501","191,702,912,573,325"
"2502","198,599,420,028,908"
"2503","187,193,313,676,329"
"2504","220,514,993,999,535"
"2505","181,814,527,595,192"
"2506","183,750,755,371,907"
"2507","183,000,431,679,579"
"2508","185,830,971,906,573"
"2509","185,497,872,344,187"
"2510","179,613,437,681,321"
"2511","164,454,967,963,631"
"2512","185,127,237,217,638"
"2513","178,750,613,844,623"
"2514","16,092,761,044,889"
"2515","192,562,808,057,836"
"2516","18,099,024,148,554"
"2517","180,064,941,503,122"
"2518","196,070,997,393,789"
"2519","180,352,919,019,023"
"2520","183,367,953,769,362"
"2521","176,734,841,494,027"
"2522","180,848,220,765,939"
"2523","187,806,059,368,823"
"2524","18,052,152,640,004"
"2525","181,502,754,496,154"
"2526","17,452,587,942,676"
"2527","188,927,984,063,168"
"2528","184,728,870,431,253"
"2529","179,857,975,518,011"
"2530","180,962,868,071,609"
"2531","179,194,066,390,078"
"2532","179,591,789,259,484"
"2533","180,638,463,702,549"
"2534","185,846,215,131,922"
"2535","195,174,031,139,141"
"2536","19,247,456,829,063"
"2537","164,200,595,496,827"
"2538","178,403,094,096,818"
"2539","17,077,484,018,302"
"2540","179,879,945,898,337"
"2541","177,668,192,752,792"
"2542","180,174,328,610,725"
"2543","170,643,303,572,141"
"2544","165,448,004,289,838"
"2545","195,531,754,886,222"
"2546","165,314,177,682,121"
"2547","172,532,757,660,882"
"2548","203,310,218,069,877"
"2549","175,090,062,515,883"
"2550","230,841,338,626,282"
"2551","15,522,519,006,632"
"2552","168,322,342,441,945"
"2553","165,956,259,265,265"
"2554","193,956,817,564,124"
"2555","171,070,367,893,827"
"2556","166,285,243,628,001"
"2557","182,875,801,346,628"
"2558","218,108,536,769,738"
"2559","174,378,777,632,042"
"2560","164,731,316,372,391"
"2561","156,969,695,083,273"
"2562","173,388,854,342,604"
"2563","177,559,628,685,119"
"2564","194,297,789,279,905"
"2565","174,894,588,364,005"
"2566","196,544,144,075,798"
"2567","179,036,158,528,149"
"2568","211,423,986,511,149"
"2569","208,156,398,935,188"
"2570","159,233,941,347,257"
"2571","210,820,115,134,931"
"2572","14,019,610,979,821"
"2573","198,678,469,082,978"
"2574","186,818,610,760,803"
"2575","175,044,797,633,861"
"2576","180,031,162,892,704"
"2577","176,889,171,525,162"
"2578","159,638,856,165,666"
"2579","154,287,264,375,509"
"2580","191,885,618,181,273"
"2581","177,503,378,612,934"
"2582","16,654,831,684,976"
"2583","16,447,514,942,856"
"2584","167,484,744,857,879"
"2585","188,683,160,555,403"
"2586","162,243,399,502,668"
"2587","180,807,213,919,103"
"2588","176,279,079,637,039"
"2589","163,438,959,094,218"
"2590","1,614,955,393,685"
"2591","216,032,303,722,443"
"2592","176,632,181,541,401"
"2593","168,743,001,567,144"
"2594","18,381,011,848,086"
"2595","15,679,436,054,728"
"2596","16,913,643,011,395"
"2597","183,203,318,752,456"
"2598","213,252,926,930,889"
"2599","190,550,327,866,959"
"2600","234,707,209,860,273"
"2601","135,751,318,892,816"
"2602","16,422,845,886,894"
"2603","153,219,437,030,419"
"2604","164,210,746,523,801"
"2605","163,883,229,117,973"
"2606","154,892,776,269,956"
"2607","19,709,208,733,832"
"2608","228,148,376,399,122"
"2609","178,680,587,503,997"
"2610","165,643,341,167,808"
"2611","222,406,642,660,249"
"2612","184,021,843,582,599"
"2613","170,871,094,939,159"
"2614","189,562,873,697,309"
"2615","170,591,884,966,356"
"2616","172,934,351,682,851"
"2617","186,425,069,879,189"
"2618","218,648,131,133,006"
"2619","183,035,606,761,141"
"2620","178,378,906,069,427"
"2621","184,516,716,597,846"
"2622","1,814,195,253,183"
"2623","196,858,923,438,425"
"2624","189,228,701,486,278"
"2625","208,973,380,761,028"
"2626","18,026,986,896,412"
"2627","159,488,713,683,953"
"2628","191,490,299,507,521"
"2629","228,684,245,137,946"
"2630","201,842,998,700,429"
"2631","20,924,282,289,186"
"2632","20,235,762,258,493"
"2633","16,823,861,218,265"
"2634","20,252,412,465,369"
"2635","170,588,771,929,588"
"2636","19,837,531,512,987"
"2637","170,636,827,889,889"
"2638","181,991,079,479,377"
"2639","18,399,454,251,844"
"2640","182,951,482,193,584"
"2641","174,126,297,156,192"
"2642","170,575,496,742,588"
"2643","175,332,239,869,971"
"2644","167,522,061,539,111"
"2645","168,095,583,738,538"
"2646","154,406,415,627,461"
"2647","170,996,973,346,087"
"2648","159,056,890,245,639"
"2649","1,813,736,165,193"
"2650","152,272,560,975,937"
"2651","168,664,346,821,336"
"2652","211,007,008,292,301"
"2653","182,909,515,032,911"
"2654","203,926,829,353,303"
"2655","179,082,825,442,944"
"2656","206,260,099,795,032"
"2657","181,732,443,415,757"
"2658","189,698,740,693,148"
"2659","20,307,434,678,979"
"2660","201,670,634,365,666"
"2661","173,756,812,589,691"
"2662","181,387,076,390,881"
"2663","184,859,155,270,535"
"2664","158,313,615,666,777"
"2665","151,951,955,409,666"
"2666","16,253,752,704,471"
"2667","178,998,337,067,854"
"2668","186,732,584,943,041"
"2669","187,323,318,406,165"
"2670","199,437,232,798,284"
"2671","185,546,680,858,653"
"2672","161,595,015,798,593"
"2673","154,672,422,763,036"
"2674","159,355,710,116,165"
"2675","155,919,014,077,746"
"2676","18,242,487,095,604"
"2677","178,100,589,622,319"
"2678","202,577,900,044,456"
"2679","177,862,778,940,605"
"2680","182,056,024,744,887"
"2681","191,403,199,177,104"
"2682","196,264,754,980,043"
"2683","209,375,003,419,718"
"2684","19,669,181,930,173"
"2685","192,458,431,539,585"
"2686","18,224,280,926,507"
"2687","183,259,503,900,506"
"2688","188,108,243,748,841"
"2689","171,418,640,195,797"
"2690","194,698,882,220,432"
"2691","17,484,184,007,522"
"2692","172,965,476,488,899"
"2693","189,386,323,677,132"
"2694","185,682,618,340,257"
"2695","176,412,012,719,061"
"2696","174,976,489,722,867"
"2697","180,718,581,707,643"
"2698","186,131,188,248,242"
"2699","165,220,786,354,033"
"2700","164,115,893,800,435"
"2701","182,125,729,127,024"
"2702","182,285,140,233,276"
"2703","196,325,442,210,366"
"2704","164,865,215,329,881"
"2705","182,694,492,209,823"
"2706","185,425,485,520,958"
"2707","1,714,147,041,191"
"2708","183,433,472,466,085"
"2709","176,844,981,155,794"
"2710","180,568,187,753,206"
"2711","185,948,625,475,832"
"2712","189,388,291,715,481"
"2713","142,754,489,165,865"
"2714","156,106,800,760,811"
"2715","155,895,397,617,561"
"2716","159,851,977,738,548"
"2717","185,157,832,305,524"
"2718","180,716,291,710,805"
"2719","176,901,093,954,071"
"2720","181,017,222,455,218"
"2721","183,269,159,407,668"
"2722","193,550,830,097,069"
"2723","170,625,842,699,726"
"2724","182,012,405,942,725"
"2725","179,162,507,290,733"
"2726","183,269,159,407,668"
"2727","180,589,836,175,042"
"2728","181,465,935,198,741"
"2729","196,053,029,878,304"
"2730","183,421,020,319,014"
"2731","167,926,839,083,612"
"2732","168,027,530,997,889"
"2733","18,216,426,685,407"
"2734","172,469,071,592,608"
"2735","181,059,374,300,472"
"2736","182,997,570,115,536"
"2737","166,140,504,179,894"
"2738","198,515,546,934,075"
"2739","193,789,648,503,294"
"2740","173,550,025,727,531"
"2741","176,487,943,174,734"
"2742","188,813,302,559,147"
"2743","178,531,911,979,192"
"2744","182,145,731,469,001"
"2745","179,196,465,024,103"
"2746","169,618,349,900,686"
"2747","170,010,168,655,046"
"2748","181,739,671,652,174"
"2749","172,846,934,955,574"
"2750","1,955,608,830,172"
"2751","180,358,114,292,956"
"2752","211,817,702,818,093"
"2753","176,170,128,686,742"
"2754","234,492,248,263,699"
"2755","182,450,956,536,015"
"2756","174,902,068,073,146"
"2757","173,684,174,293,738"
"2758","147,196,673,677,562"
"2759","175,231,189,709,791"
"2760","19,341,764,740,633"
"2761","183,313,601,249,761"
"2762","180,882,250,849,082"
"2763","186,735,697,979,808"
"2764","172,922,865,411,247"
"2765","202,551,677,190,573"
"2766","190,485,634,074,173"
"2767","17,343,949,362,151"
"2768","196,613,598,849,219"
"2769","178,152,259,700,828"
"2770","174,519,904,825,949"
"2771","172,627,796,932,837"
"2772","173,732,689,486,435"
"2773","209,219,844,787,023"
"2774","181,059,374,300,472"
"2775","188,515,443,002,459"
"2776","18,216,426,685,407"
"2777","188,137,901,597,981"
"2778","15,889,354,306,269"
"2779","18,957,965,066,771"
"2780","165,229,803,505,847"
"2781","162,186,071,220,207"
"2782","166,374,879,866,351"
"2783","161,665,184,974,757"
"2784","175,079,328,798,445"
"2785","203,840,874,021,305"
"2786","152,129,078,861,057"
"2787","181,012,141,380,101"
"2788","16,130,553,503,837"
"2789","203,326,392,972,343"
"2790","168,385,571,141,831"
"2791","183,564,365,159,986"
"2792","163,784,619,440,861"
"2793","171,989,192,193,993"
"2794","18,083,995,616,829"
"2795","170,895,923,185,907"
"2796","174,071,054,808,518"
"2797","259,423,859,147,546"
"2798","188,000,824,679,588"
"2799","179,171,703,565,498"
"2800","171,022,241,447,762"
"2801","174,126,297,156,192"
"2802","187,625,573,271,948"
"2803","199,567,946,369,234"
"2804","205,328,078,219,268"
"2805","166,231,535,025,379"
"2806","15,474,391,606,057"
"2807","159,714,537,012,622"
"2808","185,563,069,082,422"
"2809","171,500,796,725,006"
"2810","180,983,443,844,799"
"2811","183,141,236,914,997"
"2812","178,498,634,450,214"
"2813","224,323,710,512,388"
"2814","218,200,642,127,877"
"2815","182,283,177,756,557"
"2816","190,054,639,237,419"
"2817","160,192,453,934,518"
"2818","171,289,393,581,756"
"2819","151,131,098,733,642"
"2820","181,721,458,225,594"
"2821","172,725,053,851,858"
"2822","222,438,699,143,414"
"2823","235,419,373,448,928"
"2824","185,150,926,027,596"
"2825","184,772,239,624,699"
"2826","180,658,216,435,809"
"2827","209,673,316,647,174"
"2828","205,939,810,625,621"
"2829","165,633,573,325,837"
"2830","186,030,317,211,014"
"2831","160,312,319,589,212"
"2832","190,702,440,251,029"
"2833","175,122,810,326,699"
"2834","18,378,313,937,519"
"2835","178,290,666,302,221"
"2836","181,605,343,963,015"
"2837","187,992,451,444,752"
"2838","18,888,511,781,517"
"2839","189,959,344,795,118"
"2840","179,258,619,211,334"
"2841","181,518,750,275,669"
"2842","193,008,659,237,315"
"2843","18,631,389,385,619"
"2844","18,149,939,185,067"
"2845","174,126,297,156,192"
"2846","183,918,612,062,767"
"2847","184,114,270,899,227"
"2848","158,540,947,801,398"
"2849","197,034,759,055,859"
"2850","185,170,284,452,595"
"2851","221,134,533,635,148"
"2852","184,306,637,575,967"
"2853","199,792,302,740,996"
"2854","143,237,803,559,736"
"2855","177,294,838,897,736"
"2856","182,368,620,883,855"
"2857","176,487,943,174,734"
"2858","183,849,408,762,071"
"2859","184,964,141,507,413"
"2860","196,395,969,632,434"
"2861","188,374,936,650,438"
"2862","176,261,296,806,135"
"2863","163,628,142,248,426"
"2864","180,618,032,628,904"
"2865","161,647,329,794,081"
"2866","167,129,598,867,773"
"2867","174,750,988,352,687"
"2868","177,560,202,116,333"
"2869","192,577,796,112,839"
"2870","199,202,898,960,871"
"2871","182,818,156,667,308"
"2872","148,217,262,540,651"
"2873","188,997,797,082,492"
"2874","185,807,928,877,601"
"2875","177,030,477,842,021"
"2876","175,942,474,593,632"
"2877","172,912,518,576,433"
"2878","198,359,248,864,591"
"2879","184,379,133,036,383"
"2880","194,255,566,948,886"
"2881","209,449,651,603,064"
"2882","169,979,323,958,443"
"2883","188,206,281,858,748"
"2884","186,412,438,609,167"
"2885","196,761,386,409,959"
"2886","208,353,269,558,209"
"2887","166,548,067,241,044"
"2888","175,942,474,593,632"
"2889","166,790,457,916,434"
"2890","160,515,850,579,067"
"2891","192,167,621,096,362"
"2892","178,751,551,083,369"
"2893","198,678,894,117,024"
"2894","164,553,120,272,354"
"2895","156,887,932,862,327"
"2896","164,185,777,305,524"
"2897","212,992,120,630,876"
"2898","197,468,550,532,521"
"2899","18,010,684,373,966"
"2900","183,972,071,056,674"
"2901","245,283,198,337,927"
"2902","170,351,963,410,756"
"2903","195,596,307,707,478"
"2904","189,369,756,330,412"
"2905","223,667,404,551,664"
"2906","169,335,310,624,364"
"2907","16,741,102,835,165"
"2908","187,709,555,003,968"
"2909","196,526,002,998,991"
"2910","137,402,569,855,589"
"2911","165,086,775,061,735"
"2912","188,506,431,412,274"
"2913","172,917,456,816,012"
"2914","166,274,325,225,982"
"2915","167,081,220,948,984"
"2916","164,788,778,231,138"
"2917","219,222,423,400,059"
"2918","184,924,279,658,997"
"2919","187,741,866,657,478"
